{"stats":{"minecraft:picked_up":{"pizzacraft:pineapple_seeds":1,"pizzacraft:cucumber_seeds":1,"pizzacraft:onion":1,"minecraft:wheat_seeds":14},"minecraft:custom":{"minecraft:jump":3,"minecraft:time_since_rest":5625,"minecraft:crouch_one_cm":222,"minecraft:sprint_one_cm":2038,"minecraft:play_time":5625,"minecraft:time_since_death":5625,"minecraft:walk_one_cm":4403,"minecraft:sneak_time":221,"minecraft:total_world_time":5625,"minecraft:fly_one_cm":13089},"minecraft:used":{"cataclysm:infernal_forge":2,"simpleradio:microphone":2,"alexsmobs:animal_dictionary":1}},"DataVersion":3465}