{"stats":{"minecraft:picked_up":{"pizzacraft:pineapple_seeds":1,"pizzacraft:cucumber_seeds":1,"pizzacraft:onion":1,"minecraft:wheat_seeds":14},"minecraft:custom":{"minecraft:time_since_rest":17625,"minecraft:crouch_one_cm":3187,"minecraft:play_time":17625,"minecraft:sprint_one_cm":6750,"minecraft:walk_one_cm":26671,"minecraft:sneak_time":1107,"minecraft:jump":28,"minecraft:time_since_death":17625,"minecraft:total_world_time":17625,"minecraft:fly_one_cm":45279},"minecraft:used":{"minecraft:stone_bricks":4,"simpleradio:microphone":2,"cataclysm:infernal_forge":2,"framedblocks:framed_sliced_stairs_slab":1,"minecraft:black_concrete":36,"minecraft:stripped_oak_wood":19,"minecraft:grass_block":1,"minecraft:dark_oak_fence":7,"framedblocks:framed_stairs":17,"alexsmobs:animal_dictionary":1,"easy_npc:humanoid_spawn_egg":1,"minecraft:spruce_log":2,"framedblocks:framed_sliced_stairs_panel":1,"webdisplays:screen":5,"minecraft:stripped_spruce_log":54}},"DataVersion":3465}