{"stats":{"minecraft:picked_up":{"pizzacraft:pineapple_seeds":1,"pizzacraft:cucumber_seeds":1,"pizzacraft:onion":1,"minecraft:wheat_seeds":14,"camera:image":1},"minecraft:custom":{"minecraft:time_since_rest":32744,"minecraft:crouch_one_cm":3291,"minecraft:play_time":32744,"minecraft:sprint_one_cm":8382,"minecraft:walk_one_cm":32089,"minecraft:sneak_time":1166,"minecraft:jump":37,"minecraft:leave_game":1,"minecraft:time_since_death":32744,"minecraft:total_world_time":32744,"minecraft:fly_one_cm":50410},"minecraft:used":{"minecraft:stone_bricks":4,"camera:image_frame":1,"simpleradio:microphone":2,"cataclysm:infernal_forge":2,"framedblocks:framed_sliced_stairs_slab":1,"minecraft:black_concrete":36,"minecraft:stripped_oak_wood":19,"minecraft:grass_block":1,"minecraft:dark_oak_fence":7,"framedblocks:framed_stairs":17,"alexsmobs:animal_dictionary":1,"easy_npc:humanoid_spawn_egg":1,"minecraft:spruce_log":2,"framedblocks:framed_sliced_stairs_panel":1,"webdisplays:screen":5,"minecraft:stripped_spruce_log":54}},"DataVersion":3465}