{"stats":{"minecraft:dropped":{"minecraft:wheat_seeds":1,"minecraft:wooden_axe":2,"minecraft:dark_oak_sapling":8,"minecraft:wooden_pickaxe":2},"minecraft:used":{"minecraft:wooden_axe":3,"minecraft:apple":1,"minecraft:wooden_pickaxe":8,"minecraft:crafting_table":2,"alexsmobs:animal_dictionary":2,"delightful:acorn":2},"minecraft:custom":{"minecraft:time_since_rest":7880,"minecraft:sprint_one_cm":17967,"minecraft:damage_taken":102,"minecraft:walk_one_cm":12062,"minecraft:drop":6,"minecraft:damage_dealt":20,"minecraft:interact_with_crafting_table":2,"minecraft:swim_one_cm":2682,"minecraft:fly_one_cm":26257,"minecraft:open_chest":2,"minecraft:crouch_one_cm":2029,"minecraft:play_time":7880,"minecraft:sneak_time":552,"minecraft:walk_under_water_one_cm":227,"minecraft:jump":150,"minecraft:leave_game":1,"minecraft:time_since_death":7880,"minecraft:walk_on_water_one_cm":620,"minecraft:total_world_time":7880,"minecraft:climb_one_cm":222,"minecraft:fall_one_cm":4786},"minecraft:picked_up":{"minecraft:wooden_axe":1,"minecraft:dark_oak_sapling":8,"minecraft:stick":8,"minecraft:crafting_table":2,"minecraft:wooden_pickaxe":1,"minecraft:oak_log":58,"minecraft:spruce_sapling":1,"minecraft:spruce_log":1,"minecraft:dark_oak_log":20,"minecraft:apple":1,"minecraft:wheat_seeds":1,"delightful:acorn":2,"minecraft:oak_sapling":11,"minecraft:cobblestone":8},"minecraft:crafted":{"minecraft:oak_planks":58,"minecraft:crafting_table":1,"minecraft:spruce_planks":1,"minecraft:wooden_pickaxe":1,"minecraft:stone_pickaxe":1,"minecraft:wooden_axe":1,"minecraft:stone_axe":1,"minecraft:air":237},"minecraft:mined":{"minecraft:spruce_log":1,"minecraft:crafting_table":2,"minecraft:grass":2,"biomesoplenty:bush":1,"minecraft:oak_log":69,"minecraft:stone":8}},"DataVersion":3465}