{"stats":{"minecraft:dropped":{"irons_spellbooks:scroll":6},"minecraft:picked_up":{"alexsmobs:maggot":1},"minecraft:custom":{"minecraft:jump":47,"minecraft:time_since_rest":10355,"minecraft:leave_game":1,"minecraft:crouch_one_cm":268,"minecraft:sprint_one_cm":387,"minecraft:play_time":10355,"minecraft:damage_taken":140,"minecraft:time_since_death":10355,"minecraft:walk_one_cm":14794,"minecraft:sneak_time":152,"minecraft:total_world_time":10355,"minecraft:mob_kills":2,"minecraft:drop":6,"minecraft:fall_one_cm":2635,"minecraft:fly_one_cm":538047,"minecraft:aviate_one_cm":8870},"minecraft:killed":{"untamedwilds:aardvark":1,"alexsmobs:fly":1}},"DataVersion":3465}