{"stats":{"minecraft:used":{"evilcraft:flesh_humanoid":1},"minecraft:mined":{"minecraft:grass":1,"minecraft:grass_block":1,"minecraft:dirt":1},"minecraft:picked_up":{"minecraft:bone":1,"born_in_chaos_v1:ethereal_spirit":1,"evilcraft:flesh_humanoid":1,"minecraft:dirt":2,"minecraft:spider_eye":1,"minecraft:string":1},"minecraft:custom":{"minecraft:time_since_rest":278,"minecraft:crouch_one_cm":123,"minecraft:play_time":6446,"minecraft:sprint_one_cm":17179,"minecraft:walk_one_cm":24212,"minecraft:damage_taken":2163,"minecraft:deaths":7,"minecraft:sneak_time":76,"minecraft:mob_kills":1,"minecraft:jump":235,"minecraft:damage_dealt":374,"minecraft:leave_game":1,"minecraft:time_since_death":247,"minecraft:walk_on_water_one_cm":546,"minecraft:total_world_time":6446,"minecraft:fall_one_cm":834,"minecraft:fly_one_cm":67200},"minecraft:killed_by":{"born_in_chaos_v1:dread_hound":1,"born_in_chaos_v1:baby_skeleton":1,"born_in_chaos_v1:bonescaller":1,"born_in_chaos_v1:corpse_fly":1,"born_in_chaos_v1:wither_scuttler":1,"born_in_chaos_v1:dire_hound_leader":1},"minecraft:killed":{"born_in_chaos_v1:wither_scuttler":1}},"DataVersion":3465}