{"stats":{"minecraft:dropped":{"minecraft:dark_oak_sapling":16},"minecraft:used":{"minecraft:stone_axe":1,"minecraft:crafting_table":1,"minecraft:wooden_pickaxe":14},"minecraft:custom":{"minecraft:time_since_rest":6913,"minecraft:crouch_one_cm":378,"minecraft:play_time":6913,"minecraft:sprint_one_cm":5059,"minecraft:damage_taken":20,"minecraft:walk_one_cm":9494,"minecraft:sneak_time":108,"minecraft:drop":9,"minecraft:jump":46,"minecraft:damage_dealt":12,"minecraft:leave_game":1,"minecraft:time_since_death":6913,"minecraft:total_world_time":6913,"minecraft:fall_one_cm":2119,"minecraft:interact_with_crafting_table":3,"minecraft:fly_one_cm":9039},"minecraft:picked_up":{"minecraft:crafting_table":1,"minecraft:dark_oak_sapling":16,"minecraft:stick":8,"minecraft:apple":1,"delightful:green_tea_leaf":1,"minecraft:dark_oak_log":27,"minecraft:cobblestone":14},"minecraft:crafted":{"minecraft:dark_oak_planks":27,"minecraft:stone_axe":1,"minecraft:crafting_table":1,"minecraft:wooden_pickaxe":1,"minecraft:air":109,"minecraft:stone_pickaxe":1},"minecraft:mined":{"biomesoplenty:bush":1,"minecraft:spruce_log":12,"minecraft:stone":14,"minecraft:dark_oak_log":36,"minecraft:crafting_table":1}},"DataVersion":3465}